# sol, vortex, baseline, baseline_unc, slope, slope_unc, t0, t0_unc, DeltaP, DeltaP_unc, Gamma, Gamma_unc, conv
68, 0, 751.141, 0.0120716, -0.857532, 2.14399, 14.1425, 2.40947e-05, 0.94168, 0.0230037, 7.32391, 0.356575, 22.4645
68, 1, 750.87, 0.0080813, 2.32982, 0.495562, 14.4107, 4.49677e-05, 0.781779, 0.0109299, 23.6498, 0.698236, 17.7874
68, 2, 750.791, 0.00649954, -0.497866, 0.55756, 14.5098, 5.50312e-05, 0.423341, 0.0102171, 16.0556, 0.813657, 10.092
68, 3, 749.812, 0.00645661, 5.33367, 0.161248, 12.9596, 0.000209197, 0.393374, 0.0107295, 54.0982, 2.98767, 9.10716
68, 4, 751.29, 0.0266526, 7.4515, 0.857395, 14.1659, 0.000230409, 0.431733, 0.0237312, 48.2722, 4.69543, 8.38635
68, 5, 747.939, 0.0121091, -3.82173, 0.0790921, 11.3741, 0.000459387, 0.437161, 0.0104409, 228.332, 9.47738, 7.62671
68, 6, 761.404, 0.00305851, -4.50001, 0.29683, 8.84332, 6.43058e-05, 0.228421, 0.0124993, 8.42649, 0.754644, 7.05709
68, 7, 748.216, 0.0120474, 3.48661, 0.152559, 12.0581, 0.000675777, 0.254082, 0.012242, 112.301, 11.5624, 7.00346
57, 0, 747.99, 0.119814, -0.470866, 12.1383, 12.6475, 0.000101954, 2.85409, 0.148628, 14.4607, 1.63854, 62.3041
57, 1, 745.03, 0.117229, 1.91854, 24.717, 10.9753, 5.8146e-05, 2.75132, 0.171367, 6.7326, 0.88025, 53.1722
57, 2, 747.938, 0.0172982, 13.8357, 2.0713, 12.6981, 4.69525e-05, 1.0122, 0.0299718, 11.272, 0.674619, 24.9412
50, 0, 742.291, 0.00962018, 13.883, 1.19189, 11.8369, 2.99828e-05, 1.09193, 0.0263625, 8.86937, 0.379784, 23.2061
50, 1, 739.231, 0.0283795, -5.52181, 6.7391, 15.3965, 2.61748e-05, 1.39565, 0.0465348, 5.91222, 0.392865, 22.9222
50, 2, 736.369, 0.0152577, 0.399072, 0.447113, 16.5241, 0.000128977, 0.890141, 0.0174008, 51.0581, 2.17245, 16.9243
50, 3, 746.003, 0.0096794, -4.94135, 1.4407, 13.5135, 4.57545e-05, 0.676484, 0.0469385, 4.74079, 0.522683, 12.1989
50, 4, 741.441, 0.0220922, 7.62535, 0.461777, 11.3295, 0.000241882, 0.795381, 0.0224028, 71.1638, 4.27809, 10.1676
50, 5, 741.789, 0.00978542, 2.42939, 1.05514, 11.5481, 4.74949e-05, 0.608674, 0.0163717, 12.4073, 0.691337, 9.78996
50, 6, 741.58, 0.01302, 0.222111, 0.619465, 11.414, 0.000108665, 0.54655, 0.0146951, 31.2715, 1.84226, 9.05692
50, 7, 741.075, 0.0409862, 41.9742, 3.27617, 11.3357, 0.000149119, 0.329767, 0.0349766, 18.2888, 3.26816, 7.97434
50, 8, 743.657, 0.0226199, 7.34545, 0.268162, 12.1811, 0.000695219, 0.503822, 0.0229454, 122.719, 12.0401, 7.81594
59, 0, 751.224, 0.0302503, 29.0354, 11.9982, 13.1248, 1.51479e-05, 1.88305, 0.0636428, 3.19165, 0.20769, 26.2617
59, 1, 751.229, 0.0138484, -12.0024, 2.88462, 14.1325, 2.99943e-05, 0.802795, 0.027891, 6.14302, 0.412938, 15.0572
59, 2, 751.828, 0.00837106, 29.0825, 2.20938, 13.3063, 1.32133e-05, 0.776581, 0.0144035, 5.09216, 0.190367, 12.343
59, 3, 750.584, 0.00790309, -5.68723, 0.37523, 12.9206, 9.89135e-05, 0.489216, 0.0120255, 29.201, 1.49676, 10.7668
59, 4, 745.461, 0.0115346, -4.51693, 0.196805, 15.6175, 0.0002014, 0.643132, 0.0119084, 88.6999, 3.51607, 10.1319
59, 5, 744.98, inf, 63.6727, inf, 15.6265, inf, 0.0734764, inf, 3.6326, inf, 7.38865
59, 6, 752.288, 0.00720162, 3.54968, 0.101056, 13.707, 0.000296202, 0.333563, 0.00748796, 105.602, 5.10959, 7.22964
59, 7, 748.567, 0.00511735, 3.10403, 0.260535, 12.2179, 0.000102907, 0.334024, 0.00931311, 25.8078, 1.4486, 7.04978
66, 0, 749.294, 0.018372, -4.91686, 2.78595, 13.6887, 7.12884e-05, 0.628443, 0.039339, 8.29203, 0.96124, 14.9714
66, 1, 747.756, 0.00435807, 6.70062, 0.268305, 12.8325, 7.6817e-05, 0.375504, 0.010801, 18.3225, 0.98138, 8.11052
66, 2, 747.621, 0.00885625, 1.25, 0.139033, 12.7331, 0.00033525, 0.33936, 0.00949613, 95.3831, 5.7207, 7.55387
61, 0, 750.587, 0.0523507, 38.1183, 13.8949, 13.2419, 3.73942e-05, 1.77198, 0.104063, 4.86715, 0.550078, 30.8895
61, 1, 749.6, 0.0450907, 16.4193, 3.76613, 12.6621, 8.27487e-05, 1.41987, 0.0508309, 18.1096, 1.38731, 28.2548
61, 2, 746.476, 0.0109176, 9.25829, 0.517967, 10.8831, 0.000171008, 0.438991, 0.0193869, 27.6039, 2.46003, 11.2857
61, 3, 748.297, 0.00599384, -2.18055, 0.421138, 12.1926, 7.00749e-05, 0.399513, 0.0105868, 19.2122, 1.01752, 9.10866
61, 4, 746.433, 0.00516135, -6.68833, 0.266613, 14.9829, 0.000104733, 0.336884, 0.0103503, 24.5937, 1.45043, 8.947
61, 5, 746.57, 0.0136016, 1.08045, 0.13831, 11.2643, 0.000537968, 0.348511, 0.0124889, 151.349, 10.4451, 8.59254
61, 6, 746.739, 0.00664054, -4.66293, 0.449612, 14.899, 9.72948e-05, 0.344936, 0.0123371, 19.3875, 1.36161, 8.3144
61, 7, 750.487, 0.00793662, -4.2399, 0.228578, 14.1009, 0.000198557, 0.428758, 0.012885, 47.3475, 2.91418, 8.14958
35, 0, 737.194, 0.0196547, 10.5423, 6.98119, 11.9202, 1.87386e-05, 1.1395, 0.0471335, 3.29337, 0.255556, 21.1288
35, 1, 737.536, 0.0111612, -3.34235, 0.479879, 12.0836, 0.000191286, 0.32839, 0.01419, 33.3723, 3.04098, 8.77068
35, 2, 735.437, 0.00496453, -4.07405, 0.18517, 14.2643, 0.00017657, 0.289626, 0.0110962, 31.9485, 2.31674, 7.72512
32, 0, 736.849, 0.0697871, -3.38603, 0.659744, 13.8621, 0.000574198, 1.4434, 0.0649402, 182.816, 12.0811, 25.7821
32, 1, 735.579, 0.0182665, 14.6682, 1.99943, 13.866, 0.000304054, 0.141472, 0.0255768, 12.1285, 4.58551, 16.5575
32, 2, 735.582, 0.0211067, -0.184179, 2.58696, 13.8673, 0.000117644, 0.176795, 0.0740972, 2, 1.44021, 14.1711
32, 3, 737.55, 0.0309438, -0.0686043, 0.036854, 11.5749, 0.000154407, 0.719155, 0.033137, 24.7956, 2.82276, 7.54253
32, 4, 737.392, 0.00371713, -1.19019, 0.168618, 11.8549, 9.03711e-05, 0.385209, 0.0105067, 24.0009, 1.15168, 7.53313
60, 0, 750.828, 0.00621194, 2.68864, 2.4814, 13.0153, 1.1586e-05, 0.738513, 0.023537, 2.04689, 0.103292, 10.7967
60, 1, 749.504, 0.0124236, 0.683817, 0.716878, 12.3266, 0.000261739, 0.354428, 0.0378103, 17.4198, 3.29673, 8.57733
60, 2, 750.708, 0.0109088, 0.466241, 0.372813, 12.8781, 0.000358008, 0.281339, 0.0174797, 40.3129, 5.1479, 7.48057
58, 0, 743.727, 0.00917161, 2.67209, 1.01431, 16.3133, 7.16548e-05, 0.432803, 0.0186047, 11.1556, 0.945098, 10.1283
67, 0, 746.972, 0.0164015, 0.940657, 0.220475, 11.2696, 0.000301704, 0.847344, 0.0180212, 111.385, 5.11575, 12.302
67, 1, 747.415, 0.0123237, 2.09067, 0.142731, 12.5359, 0.00037144, 0.443419, 0.0115947, 131.381, 6.95853, 11.1172
67, 2, 747.81, 0.00521622, 5.41531, 0.715944, 12.8051, 3.3913e-05, 0.467988, 0.0161879, 7.36985, 0.443763, 9.50351
67, 3, 746.825, 0.0177559, 0.0265658, 0.174946, 11.3588, 0.000903224, 0.352731, 0.0177004, 156.9, 16.2191, 9.36376
67, 4, 746.749, 0.0159696, -6.5269, 0.343061, 11.4355, 0.000462244, 0.390371, 0.0202412, 65.4771, 7.24929, 7.84389
67, 5, 749.939, 0.015405, 1.83216, 0.213906, 13.9485, 0.000945964, 0.247515, 0.0171649, 110.219, 16.092, 7.24454
51, 0, 743.506, 0.0290431, 30.564, 7.54607, 12.2524, 5.97649e-05, 0.741302, 0.0842236, 4.07302, 0.825464, 11.4568
51, 1, 742.384, 0.00559175, -0.932397, 0.341637, 11.9099, 0.000137159, 0.284097, 0.0156071, 17.8646, 1.73065, 7.17704
69, 0, 750.809, 0.011648, -7.41965, 1.32965, 13.9638, 3.22175e-05, 0.91389, 0.0170112, 12.4126, 0.488949, 18.8301
69, 1, 748.957, 0.0226498, -2.0259, 4.27052, 15.1419, 5.9402e-05, 0.725802, 0.0464842, 6.54069, 0.838414, 14.8741
69, 2, 747.349, 0.00506682, -5.98284, 0.194741, 15.8292, 7.83468e-05, 0.592243, 0.00995561, 33.6256, 1.09279, 13.1272
69, 3, 749.59, 0.0156006, 6.36974, 0.442584, 13.1258, 0.00026074, 0.461603, 0.0180953, 50.8841, 4.29755, 8.50302
56, 0, 747.5, 0.0949708, -18.7024, 18.1189, 12.5957, 8.7465e-05, 1.53451, 0.131571, 7.68656, 1.35974, 31.2598
56, 1, 744.867, 0.026517, 37.6118, 3.74049, 14.9089, 7.07818e-05, 0.977135, 0.0562345, 8.8101, 0.950328, 24.1627
56, 2, 746.501, 0.00794357, -9.58071, 1.74459, 12.0872, 1.6757e-05, 0.815275, 0.0169675, 5.71323, 0.227667, 15.5565
56, 3, 749.013, 0.0135641, -2.77367, 0.943039, 13.4719, 8.67093e-05, 0.608341, 0.0181349, 20.6486, 1.31369, 13.8831
56, 4, 746.383, 0.00611044, 3.27327, 0.41328, 14.6368, 5.56968e-05, 0.52563, 0.0106185, 19.9253, 0.818422, 9.71483
56, 5, 746.198, 0.00451607, -3.70765, 0.9635, 10.3225, 2.23439e-05, 0.454846, 0.0218924, 3.25222, 0.245984, 8.34055
56, 6, 748.783, 0.00804209, 2.03683, 0.55962, 13.2581, 0.000119576, 0.331437, 0.0140767, 19.1959, 1.65636, 7.96172
56, 7, 745.121, 0.0111859, 8.26821, 0.52416, 11.5384, 0.000138421, 0.454519, 0.015053, 30.836, 2.14104, 7.89409
33, 0, 738.2, 0.0234163, 5.38602, 1.20576, 12.1815, 8.59818e-05, 1.16113, 0.0267966, 28.6962, 1.44848, 26.4471
33, 1, 731.766, 0.0247532, 31.2163, 10.7752, 15.3253, 1.8027e-05, 1.10825, 0.0442733, 3.13237, 0.24301, 16.2047
33, 2, 738.762, 0.0145278, -7.93484, 3.47251, 13.0402, 5.25244e-05, 0.51586, 0.0450073, 4.30737, 0.653389, 10.4878
33, 3, 730.546, 0.0152003, 1.01469, 1.7411, 16.6325, 0.000125751, 0.374217, 0.0293777, 11.3671, 1.75174, 9.99945
34, 0, 738.46, 0.0344908, -10.2737, 3.71397, 12.5034, 4.01167e-05, 1.96397, 0.0429366, 13.583, 0.642782, 45.601
34, 1, 737.19, 0.122456, -7.78364, 38.4254, 13.8024, 5.80258e-05, 2.11022, 0.206213, 4.46191, 0.844833, 42.7638
34, 2, 738.314, 0.0173554, 14.7453, 5.60852, 12.3318, 1.74283e-05, 1.0627, 0.0320771, 4.09876, 0.248018, 20.1101
34, 3, 738.78, 0.0105546, 4.54531, 0.391562, 13.2047, 0.000174632, 0.494111, 0.016715, 37.4652, 2.59825, 12.8734
34, 4, 738.173, 0.011096, 12.2762, 1.19074, 12.241, 8.54603e-05, 0.502482, 0.0320563, 9.94855, 1.11802, 12.4816
34, 5, 737.543, 0.00944111, 4.03312, 0.216965, 11.8926, 0.00016457, 0.54448, 0.0106525, 64.4565, 2.73377, 12.3121
34, 6, 738.027, 0.00760426, 3.95732, 2.29269, 13.5758, 2.10581e-05, 0.511519, 0.0206847, 3.71233, 0.269258, 10.5375
34, 7, 738.503, 0.0190599, 0.280254, 0.69031, 12.4117, 0.000241706, 0.425784, 0.0200024, 41.9188, 4.23385, 8.89062
34, 8, 738.111, 0.104889, 64.478, 63.833, 12.1702, 0.000107626, 0.571589, 0.182655, 2, 1.47296, 8.74722
34, 9, 731.267, 0.00762045, 8.19849, 1.92773, 15.5725, 3.08747e-05, 0.42659, 0.0223863, 4.19439, 0.386226, 8.01562
29, 0, 738.692, 0.0206879, 2.54725, 0.36058, 13.0917, 0.00020502, 1.02549, 0.0205893, 87.6513, 3.72076, 20.7751
29, 1, 737.907, 0.0167184, 15.0428, 6.12038, 13.2853, 4.0012e-05, 0.607585, 0.0752603, 2, 0.394681, 12.3853
29, 2, 730.03, 0.00695851, -2.73795, 0.303319, 16.6336, 0.000130279, 0.330256, 0.00963437, 32.7993, 2.02473, 8.75888
16, 0, 727.198, 0.0056595, -0.20206, 0.22092, 14.6367, 0.000151442, 0.379955, 0.0135167, 30.0529, 1.99753, 9.77485
16, 1, 726.598, 0.0208222, -15.0212, 7.77734, 15.3834, 4.43837e-05, 0.640507, 0.0896939, 2, 0.433102, 9.22037
16, 2, 733.636, 0.00842344, 1.15507, 0.38737, 12.7856, 0.000207576, 0.386464, 0.0255288, 22.5997, 2.57097, 7.07636
18, 0, 723.956, 0.0108409, 5.17087, 0.412037, 15.4208, 9.38256e-05, 0.718924, 0.0128094, 38.9863, 1.50631, 14.2095
18, 1, 730.946, 0.0135872, -2.90209, 0.407787, 12.8291, 0.000312125, 0.385623, 0.018, 48.1335, 4.78408, 9.90423
18, 2, 723.021, 0.0448331, 1.28973, 0.635271, 17.1559, 0.00103643, 0.331282, 0.0413314, 116.587, 22.1913, 9.45801
18, 3, 728.95, 0.0115606, 19.6842, 1.27584, 11.0037, 9.62104e-05, 0.423764, 0.0294478, 9.95132, 1.28567, 9.07112
18, 4, 730.572, 0.00961148, 1.20395, 0.909946, 13.0518, 9.07644e-05, 0.386793, 0.0182924, 13.9806, 1.28272, 8.53062
18, 5, 731.08, 0.0163032, -7.38743, 4.87332, 12.6796, 4.78909e-05, 0.515416, 0.0577549, 3.07285, 0.580834, 8.28645
18, 6, 723.082, 0.0115448, 2.89206, 0.440927, 16.7791, 0.00020433, 0.366887, 0.0145519, 38.1475, 3.27571, 7.77562
18, 7, 723.225, 0.0108187, -2.33278, 0.158462, 16.6598, 0.00035967, 0.320163, 0.0101949, 103.186, 6.73256, 7.47897
18, 8, 730.576, 0.00829555, -6.85561, 0.350937, 12.9773, 0.000282699, 0.236445, 0.0163857, 29.321, 3.86379, 7.19059
20, 0, 732.941, 0.0108781, 1.74718, 0.916693, 12.241, 7.26439e-05, 0.536808, 0.0169125, 16.5358, 1.07456, 9.53182
20, 1, 729.426, 0.0135767, 3.14123, 0.471465, 14.0927, 0.000204727, 0.421187, 0.0153017, 42.9868, 3.39485, 9.45426
80, 0, 752.17, 0.0781403, 19.9447, 22.7004, 14.7499, 5.27561e-05, 1.58486, 0.12489, 4.78081, 0.77709, 28.6423
80, 1, 751.523, 0.0107478, 1.43004, 1.22, 16.0765, 4.09418e-05, 0.66429, 0.0157163, 12.4528, 0.618716, 14.853
80, 2, 748.81, 0.0139419, -6.18815, 0.403612, 12.0939, 0.000414205, 0.357339, 0.0234675, 45.5239, 6.05355, 8.00496
80, 3, 748.782, 0.00636899, -3.58656, 0.455399, 12.5141, 8.14071e-05, 0.338876, 0.01006, 19.2035, 1.19029, 7.90064
80, 4, 748.845, 0.00561781, 1.0524, 0.0740668, 12.8021, 0.000333609, 0.382872, 0.00871767, 105.321, 4.95274, 7.57436
74, 0, 747.335, 0.0220623, 22.736, 9.42709, 13.297, 3.51343e-05, 0.567367, 0.0492942, 2.85043, 0.456561, 8.83418
74, 1, 746.741, 0.00735504, 0.997772, 0.925723, 13.0878, 6.38645e-05, 0.335911, 0.0152381, 9.99482, 0.874881, 8.06428
74, 2, 751.895, 0.00409015, -6.37358, 0.259096, 9.91161, 0.000124413, 0.234285, 0.0162987, 12.0704, 1.41973, 7.71441
74, 3, 748.328, 0.0165896, 4.05861, 0.216216, 13.6628, 0.000431862, 0.321742, 0.0144644, 117.322, 8.92866, 7.63022
74, 4, 745.646, 0.0464167, -1.80763, 0.0978075, 11.3749, 0.00084453, 0.721573, 0.044415, 402.546, 28.8659, 7.53857
73, 0, 747.291, 0.0123435, 16.8963, 2.70704, 13.3221, 2.65528e-05, 0.745037, 0.0254813, 5.8351, 0.373231, 16.335
73, 1, 748.885, 0.0114402, -2.70324, 0.218311, 14.5761, 0.000365313, 0.318566, 0.0120505, 77.5259, 6.19033, 9.24827
87, 0, 750.281, 0.0141843, 2.94703, 0.585333, 13.0463, 0.000119729, 0.726998, 0.0180614, 35.2643, 1.90269, 14.2314
87, 1, 752.65, 0.0134147, 0.784266, 0.146739, 13.8564, 0.000363168, 0.623663, 0.013625, 140.593, 6.45729, 10.6065
87, 2, 750.578, 0.00634265, 5.8271, 0.137131, 13.1986, 0.000362095, 0.31096, 0.0173015, 46.2664, 4.54957, 7.63289
87, 3, 750.923, 0.00373003, 2.52993, 0.0963579, 13.3126, 0.000142115, 0.326179, 0.00620249, 52.5493, 2.02315, 7.0892
45, 0, 745.036, 0.0436561, -34.6711, 5.197, 12.9656, 9.58519e-05, 1.14464, 0.0683879, 11.5473, 1.40738, 24.5971
45, 1, 744.916, 0.0231838, 5.88719, 2.5663, 12.9826, 9.73465e-05, 0.529352, 0.0293394, 13.2071, 1.60231, 13.5751
45, 2, 742.416, 0.0178463, 8.87186, 1.29195, 11.9529, 0.000138594, 0.568621, 0.0282038, 19.092, 1.96427, 12.7505
45, 3, 745.436, 0.0107082, 7.48218, 2.74268, 13.6082, 2.73668e-05, 0.647297, 0.076266, 2, 0.366998, 10.5456
45, 4, 740.916, 0.00793196, -6.9095, 0.3678, 14.8746, 0.000104972, 0.441599, 0.0111913, 30.4257, 1.61551, 10.1908
45, 5, 741.899, 0.00854474, -2.12397, 0.316205, 10.8637, 0.000105961, 0.484808, 0.00980936, 40.3245, 1.77605, 8.8063
45, 6, 742.111, 0.0103178, -7.25843, 2.02539, 11.5547, 4.00286e-05, 0.459288, 0.0190418, 6.52864, 0.557687, 7.79108
45, 7, 741.934, 0.0190584, 15.5087, 3.56533, 10.662, 6.31503e-05, 0.455157, 0.0272578, 7.62469, 0.962837, 7.26055
45, 8, 742.179, 0.00647255, 6.33578, 0.156146, 19.1922, 0.000191033, 0.379174, 0.00901587, 59.0076, 2.97847, 7.00804
89, 0, 756.279, 0.0248705, 37.6823, 9.10907, 14.9657, 8.52355e-06, 2.65486, 0.0461082, 3.52944, 0.121967, 50.3531
89, 1, 751.388, 0.0221604, -4.32093, 1.5035, 11.3571, 5.85224e-05, 1.40755, 0.0282775, 21.5007, 0.924961, 36.7558
89, 2, 753.476, 0.014232, 10.1553, 2.43516, 13.913, 4.25327e-05, 0.539182, 0.0199061, 8.33823, 0.655382, 10.5409
89, 3, 752.416, 0.0135685, 2.78956, 0.0942985, 13.4568, 0.000953096, 0.364189, 0.0137781, 202.229, 16.2413, 7.34377
21, 0, 731.77, 0.121049, -1.08387, 49.2863, 13.141, 3.10705e-05, 3.1355, 0.219155, 3.02533, 0.465361, 55.3859
21, 1, 729.835, 0.0107215, -1.59223, 1.91181, 13.8778, 3.25873e-05, 0.582045, 0.0181001, 7.46973, 0.471552, 10.6771
21, 2, 726.112, 0.0062458, -1.80557, 0.265108, 15.0886, 0.000152133, 0.373955, 0.014049, 28.4132, 2.02853, 9.96945
21, 3, 731.689, 0.00681003, 2.36013, 0.196981, 11.2109, 0.000218265, 0.364602, 0.0124157, 45.4017, 3.07554, 8.52423
21, 4, 730.987, 0.00516838, -5.42634, 0.0948397, 13.5775, 0.000168392, 0.460377, 0.00747345, 74.7749, 2.5322, 7.70196
28, 0, 738.191, 0.0405259, 48.6081, 19.4206, 12.3695, 2.20131e-05, 1.48775, 0.0881534, 2.59509, 0.290522, 20.9833
28, 1, 733.756, 0.0147768, -13.2716, 4.21158, 14.2799, 2.25702e-05, 0.857022, 0.0303653, 4.20713, 0.304774, 17.5676
28, 2, 733.597, 0.0189954, -1.68439, 0.645925, 14.3606, 0.000258742, 0.41845, 0.0196843, 44.4219, 4.47478, 11.3942
28, 3, 737.979, 0.0071058, 3.96196, 0.439562, 12.1381, 5.1459e-05, 0.5722, 0.00918243, 23.4669, 0.821994, 11.0082
17, 0, 723.105, 0.00972252, -0.489189, 0.301281, 16.2986, 9.20638e-05, 0.702297, 0.0105639, 48.7334, 1.587, 13.9328
17, 1, 733.756, 0.0131906, 2.57125, 0.245926, 12.2736, 0.000264214, 0.571312, 0.014664, 81.4562, 4.4383, 11.6243
17, 2, 731.628, 0.0336125, 1.24674, 5.46887, 11.3722, 0.000184311, 0.507322, 0.107173, 6.23519, 2.27514, 10.7384
17, 3, 731.997, 0.0258021, -6.14028, 3.04688, 10.455, 0.000398547, 0.185142, 0.192454, 2.34091, 3.54713, 9.75591
17, 4, 733.516, 0.186482, -12.7054, 4.51442, 12.2688, 0.00102983, 0.293923, 0.183569, 57, 32.0951, 9.72116
17, 5, 733.996, 0.0302585, 12.3378, 4.00126, 12.5356, 0.000200198, 0.492874, 0.0859765, 8.18257, 2.53335, 9.68761
17, 6, 731.635, 0.0208717, 10.5807, 2.73514, 11.4043, 0.000264476, 0.279686, 0.0911904, 5.82111, 3.0637, 7.61162
17, 7, 734.194, 0.0111131, -3.04624, 0.464502, 12.4152, 0.00011448, 0.559186, 0.217772, 2, 1.11576, 7.5148
17, 8, 731.978, 0.137336, 24.1472, 6.63312, 11.4373, 0.000772226, 0.40818, 0.116642, 31.9927, 15.1666, 7.44577
17, 9, 722.994, 0.00400206, -4.02093, 0.398629, 17.8581, 3.8598e-05, 0.367957, 0.00773681, 13.0428, 0.536131, 7.19281
88, 0, 749.982, 0.0135033, -8.13918, 1.66805, 12.0712, 3.78504e-05, 0.904238, 0.0223225, 11.223, 0.552735, 19.2055
44, 0, 745.308, 0.0159346, -4.87676, 0.877219, 12.823, 7.85003e-05, 0.842773, 0.018641, 27.1536, 1.28748, 15.808
44, 1, 737.77, 0.00645803, 0.128832, 0.880165, 15.7185, 2.20032e-05, 0.653236, 0.0101818, 10.3394, 0.324616, 12.2428
44, 2, 745.15, 0.0177212, -13.5051, 2.38309, 13.8211, 6.34534e-05, 0.624968, 0.0275041, 10.4009, 0.934193, 9.70382
44, 3, 741.105, 0.00736927, -9.5484, 1.72715, 11.0415, 2.61623e-05, 0.518657, 0.0436245, 2.49673, 0.333805, 8.30482
44, 4, 741.413, 0.00445198, 0.49631, 0.381012, 10.8727, 7.58629e-05, 0.298743, 0.013227, 12.2683, 0.943523, 7.74356
44, 5, 737.403, 0.00863381, 4.76657, 0.0621164, 18.5894, 0.000299615, 0.610232, 0.00833457, 231.18, 5.84273, 7.40076
44, 6, 741.286, 0.0129501, -4.48631, 0.129834, 14.8022, 0.000546955, 0.540418, 0.0151625, 148.02, 8.99488, 7.38779
86, 0, 751.238, 0.0111627, -5.26544, 0.293203, 12.0357, 0.000121124, 0.696343, 0.0117654, 57.924, 2.09552, 15.969
86, 1, 750.878, 0.00472276, -2.40569, 1.40985, 12.5671, 9.87177e-06, 0.605617, 0.0103134, 4.13718, 0.133809, 10.3187
86, 2, 754.339, 0.00593579, 2.06473, 0.537321, 14.3959, 5.77717e-05, 0.429443, 0.012952, 13.6775, 0.774281, 8.79677
86, 3, 757.26, 0.0089481, -0.790083, 0.05366, 22.519, 0.000297199, 0.524004, 0.0080457, 250.005, 6.4487, 7.58057
86, 4, 753.171, 0.0154155, -4.1614, 0.245477, 10.6706, 0.000205941, 0.486223, 0.245604, 2.71609, 1.94262, 7.14356
86, 5, 753.27, 0.00945527, 5.03921, 2.86099, 10.6706, 1.58305e-05, 0.53129, 0.0128501, 4.77083, 0.245408, 7.02341
72, 0, 748.85, 0.0516831, 3.1073, 2.03622, 14.545, 0.000263814, 1.08941, 0.0586673, 37.9096, 4.44796, 32.7485
72, 1, 748.753, 0.004471, -1.96426, 0.307398, 15.5576, 6.83185e-05, 0.408489, 0.0116257, 16.0148, 0.839815, 12.4617
72, 2, 746.684, 0.0183557, 5.88296, 0.221168, 12.4776, 0.000321488, 0.637639, 0.0164719, 126.675, 6.1926, 10.6314
72, 3, 746.946, 0.00505039, 5.14383, 0.127832, 12.8114, 0.00021417, 0.325829, 0.0101702, 48.9339, 2.94216, 10.226
72, 4, 746.409, 0.022274, 23.2396, 0.7879, 12.4849, 0.000161326, 0.333254, 0.0196573, 40.7476, 3.74164, 9.72796
72, 5, 748.844, 0.00628031, 1.18575, 0.118866, 14.0871, 0.000257376, 0.290718, 0.00732599, 77.6242, 4.20319, 9.36886
72, 6, 747.097, 0.00813497, 1.06044, 0.0871697, 11.4412, 0.000363323, 0.42745, 0.00874305, 140.9, 6.23895, 8.63969
72, 7, 747.353, 0.00345732, 1.18704, 0.064008, 12.9839, 0.000202051, 0.30551, 0.00611294, 72.2155, 2.89875, 8.16561
72, 8, 747.025, 0.00617511, -1.66406, 0.171853, 11.3478, 0.000224792, 0.262278, 0.00860371, 49.9513, 3.45655, 7.60045
75, 0, 744.647, 0.0104407, -1.15847, 0.909854, 12.3853, 0.000108569, 0.409135, 0.0216652, 14.0935, 1.4626, 9.51015
75, 1, 748.217, 0.00776951, 0.681907, 0.0814704, 14.5981, 0.000307862, 0.573988, 0.00942065, 140.486, 4.98371, 9.39699
75, 2, 744.3, 0.0399497, 0.688033, 0.32148, 12.0015, 0.000875798, 0.490484, 0.0376249, 217.482, 19.913, 8.49467
75, 3, 744.81, 0.00457988, -3.45796, 0.451014, 11.1481, 4.62516e-05, 0.367135, 0.00938681, 12.849, 0.632827, 8.3852
75, 4, 747.766, 0.0298494, 12.7737, 4.83576, 14.6054, 0.000376774, 0.0539637, 0.0251841, 9.15672, 7.32043, 8.03353
81, 0, 749.49, 0.0148394, 3.73306, 3.30459, 12.9375, 1.48947e-05, 1.38056, 0.0236286, 6.23106, 0.219409, 26.9783
81, 1, 749.363, 0.0184574, -2.43094, 2.05928, 11.7642, 7.44653e-05, 0.563391, 0.0237779, 12.9626, 1.17667, 13.722
81, 2, 749.8, 0.00734602, -9.39761, 0.92635, 11.5329, 3.77659e-05, 0.53946, 0.0140316, 10.3113, 0.527211, 11.3099
81, 3, 753.624, 0.0104922, -4.34231, 3.77506, 14.8984, 2.15248e-05, 0.551505, 0.0569159, 2.00083, 0.340868, 9.18815
81, 4, 757.317, 0.00681786, -6.87971, 1.23965, 9.89857, 3.45264e-05, 0.401879, 0.014123, 6.97557, 0.472609, 7.92114
31, 0, 734.775, 0.0102419, -2.75872, 0.274929, 11.0237, 0.000175683, 0.542184, 0.0127683, 54.8825, 2.78055, 10.9194
31, 1, 734.389, 0.0117557, 8.08446, 1.82626, 11.5649, 5.37375e-05, 0.442776, 0.0201346, 8.6582, 0.811954, 7.91855
31, 2, 728.471, 0.0108251, -3.06783, 0.134825, 15.2366, 0.000598072, 0.241091, 0.0106638, 133.082, 11.3156, 7.03578
31, 3, 734.129, 0.00547791, -2.68875, 0.286771, 11.4021, 0.00019795, 0.233, 0.0161979, 19.4375, 2.41031, 7.00451
36, 0, 739.55, 0.0332241, 14.8129, 6.7875, 12.7318, 3.78768e-05, 1.48715, 0.0618338, 6.46199, 0.534053, 31.249
36, 1, 740.89, 0.0709495, -5.39819, 11.8687, 10.2866, 9.22574e-05, 1.20157, 0.0941706, 8.82076, 1.43767, 23.6202
36, 2, 739.222, 0.00579042, 1.83398, 0.074175, 12.1837, 0.000334658, 0.394729, 0.00873512, 108.612, 4.98867, 7.31627
38, 0, 737.72, 0.00752189, 0.221227, 0.274452, 12.0754, 7.53272e-05, 0.722829, 0.00994376, 39.6168, 1.17001, 14.4244
38, 1, 732.908, 0.0156306, 0.411269, 4.97005, 15.2973, 3.00955e-05, 0.635877, 0.0360777, 3.78208, 0.405221, 11.1215
38, 2, 739.431, 0.0190056, -0.138561, 0.173216, 13.1623, 0.000513086, 0.592514, 0.0180035, 174.708, 9.70978, 8.23884
38, 3, 738.984, 0.0178912, 1.63816, 0.735176, 13.183, 0.000259481, 0.219299, 0.0914104, 4.48579, 2.93648, 8.17826
38, 4, 737.392, 0.0142642, -4.02539, 0.024179, 14.2174, 0.000519109, 0.449871, 0.0133365, 188.15, 11.2812, 8.13932
38, 5, 732.087, 0.00762535, 0.800373, 0.399313, 16.2626, 0.000150119, 0.304873, 0.0125767, 26.2693, 2.17715, 7.82482
38, 6, 738.568, 0.0100985, -0.566809, 0.126912, 12.5122, 0.000366895, 0.425175, 0.0105177, 121.19, 6.40979, 7.17861
53, 0, 746.971, 0.00826599, -3.00558, 0.929669, 12.9299, 5.5345e-05, 0.459618, 0.0153961, 11.7207, 0.78024, 9.97575
53, 1, 744.451, 0.00772254, 1.9903, 0.05989, 11.9402, 0.000708579, 0.36433, 0.0102357, 184.109, 11.0418, 7.78707
53, 2, 742.422, 0.00689611, -10.5653, 0.20533, 15.0637, 0.000218623, 0.346199, 0.0137456, 39.8243, 2.99784, 7.77592
53, 3, 745.114, 0.00338419, 1.78913, 0.0578727, 12.1819, 0.000395297, 0.213683, 0.0203159, 29.591, 4.35777, 7.25379
53, 4, 742.774, 0.00831922, 4.32364, 3.30666, 11.0992, 2.17046e-05, 0.429691, 0.0278953, 2.34315, 0.238466, 7.1218
54, 0, 742.357, 0.0122221, 17.4072, 3.22861, 11.4914, 1.54969e-05, 0.981791, 0.0212377, 5.10925, 0.222337, 19.3311
54, 1, 747.441, 0.0127102, -2.64314, 0.0225081, 13.9745, 0.000334833, 0.291722, 0.0118502, 100.666, 8.11073, 7.85753
54, 2, 741.183, 0.013728, 10.2094, 0.932913, 15.6098, 0.000127749, 0.455556, 0.0205682, 20.6964, 1.95115, 7.74207
62, 0, 749.106, 0.0254076, -0.51567, 1.4146, 12.7562, 0.000147521, 0.777029, 0.0318997, 26.1917, 2.33235, 14.5632
62, 1, 748.313, 0.00930227, 14.5148, 2.94447, 12.4537, 2.07528e-05, 0.620157, 0.0286045, 3.26894, 0.265045, 10.7553
62, 2, 748.576, 0.0152463, 50.9978, 5.28921, 12.5194, 2.58328e-05, 0.723996, 0.0445639, 3.03399, 0.330736, 9.97174
65, 0, 746.58, 0.0898262, 6.31172, 8.24052, 12.4928, 9.62666e-05, 2.41823, 0.109273, 15.8879, 1.58174, 58.3585
65, 1, 747.6, 0.0128752, 6.90198, 3.54471, 12.9374, 1.02199e-05, 1.55766, 0.0239448, 4.74225, 0.144003, 30.2406
65, 2, 747.571, 0.0587708, 33.9127, 25.5734, 12.9565, 3.99079e-05, 1.37487, 0.158458, 2.54282, 0.539094, 23.4015
65, 3, 744.36, 0.016648, 54.452, 5.15917, 11.1855, 2.12055e-05, 0.973369, 0.0368762, 3.9859, 0.286788, 18.5254
65, 4, 748.199, 0.0116154, 5.56293, 1.0367, 14.3184, 6.27632e-05, 0.651397, 0.0198078, 15.1092, 0.930873, 13.1091
65, 5, 746.572, 0.0128051, 2.06569, 3.99344, 12.3649, 2.57362e-05, 0.621851, 0.0304593, 3.75918, 0.34167, 10.568
65, 6, 745.643, 0.0081287, -5.38521, 0.503027, 15.2865, 9.00597e-05, 0.472511, 0.0142082, 21.7007, 1.31143, 10.1192
65, 7, 745.126, 0.0138913, 7.76028, 0.327917, 11.7912, 0.000400225, 0.333715, 0.0160309, 63.9534, 6.60199, 8.98716
65, 8, 747.79, 0.0724273, -7.51935, 0.955778, 14.5896, 0.000946495, 0.459085, 0.0635331, 139.076, 19.3063, 7.93638
65, 9, 749.044, 0.0140112, 8.08913, 1.42346, 13.6662, 0.000143704, 0.342337, 0.0270115, 12.4902, 1.96829, 7.88152
39, 0, 737.173, 0.0251505, 24.45, 3.2514, 11.0483, 4.454e-05, 1.25564, 0.0368722, 10.9109, 0.672565, 27.7411
39, 1, 738.837, 0.0374017, 5.91315, 16.8574, 12.1649, 2.03364e-05, 1.60244, 0.120255, 2.17738, 0.296138, 24.3379
39, 2, 735.746, 0.0243703, 10.209, 3.9221, 14.7264, 7.84763e-05, 0.723838, 0.0521784, 7.7309, 1.06242, 17.9911
39, 3, 735.967, 0.0275968, -19.5486, 1.6368, 14.7123, 0.000169344, 0.448933, 0.0264746, 25.2961, 3.06777, 9.12358
39, 4, 739.197, 0.0142399, 3.31287, 1.78853, 12.4397, 8.62833e-05, 0.417054, 0.0240805, 10.6505, 1.24903, 9.04359
39, 5, 737.944, 0.00854896, 3.49057, 0.214301, 14.0523, 0.000193498, 0.479192, 0.011893, 56.8503, 2.99834, 8.79878
37, 0, 739.384, 0.018118, 3.60942, 3.23639, 12.1888, 2.57741e-05, 1.17737, 0.0277145, 7.85643, 0.384723, 24.6519
37, 1, 737.833, 0.0302273, 8.96223, 7.62767, 14.2297, 3.24111e-05, 1.13689, 0.0483617, 5.46122, 0.476831, 21.2236
37, 2, 737.214, 0.0119676, -11.5708, 2.01454, 14.469, 4.74213e-05, 0.585085, 0.0278846, 7.10445, 0.622337, 12.2921
37, 3, 738.538, 0.012959, 3.60831, 0.456711, 14.0538, 0.000315636, 0.310993, 0.0174225, 40.8732, 4.90453, 7.00245
30, 0, 728.13, 0.0121539, 0.912135, 0.13644, 18.3077, 0.000188053, 0.922316, 0.0116311, 138.481, 3.51575, 14.8097
30, 1, 727.287, inf, 41.91, inf, 18.3049, inf, 0.0554286, inf, 2, inf, 12.4732
64, 0, 748.075, 0.0265272, 21.3465, 1.83742, 12.8831, 8.60233e-05, 1.15449, 0.0348457, 20.8576, 1.34542, 24.4083
64, 1, 746.85, 0.0280652, 22.1714, 1.68248, 12.3357, 8.51935e-05, 1.28356, 0.0334932, 24.5853, 1.41268, 21.0754
64, 2, 749.156, 0.00755148, 1.7682, 0.0586091, 13.3687, 0.000226517, 0.662817, 0.00709937, 197.498, 4.24113, 9.35824
64, 3, 748.643, 0.0133624, 1.55338, 0.54888, 13.3725, 0.000334539, 0.14728, 0.0126824, 39.3738, 6.37605, 8.23278
64, 4, 745.696, 0.00765283, 5.98731, 0.204558, 12.0514, 0.000250893, 0.347589, 0.0132296, 46.2432, 3.49185, 7.88031
64, 5, 747.76, inf, 25.7347, inf, 12.874, inf, 0.140286, inf, 2, inf, 7.36284
64, 6, 748.297, 0.00921504, 0.685838, 0.678666, 12.9272, 0.000122412, 0.364221, 0.0186585, 17.3729, 1.72158, 7.00423
63, 0, 750.198, 0.0097471, -6.37624, 0.0877719, 13.7303, 0.000324872, 0.592277, 0.00969374, 166.966, 5.8103, 11.4857
63, 1, 744.511, 0.00687568, 0.651532, 0.43264, 15.8628, 9.55103e-05, 0.463822, 0.0157921, 18.8783, 1.21836, 10.7572
63, 2, 743.882, 0.0094779, 11.6388, 0.940346, 16.5082, 7.04515e-05, 0.47503, 0.0182773, 13.0995, 0.973762, 9.5001
63, 3, 746.457, 0.0130681, 7.75061, 0.372526, 11.0335, 0.000173881, 0.516402, 0.0137349, 52.8185, 3.04711, 8.76253
63, 4, 747.279, 0.0114018, -0.694981, 0.0894373, 11.8978, 0.000381835, 0.556432, 0.0106462, 203.151, 7.23304, 7.06001
63, 5, 749.678, 0.012789, -3.86102, 1.37253, 13.7308, 0.000634089, 0.0717953, 0.021341, 2, 4.12522, 7.03884
55, 0, 744.38, 0.036485, -0.67763, 2.13211, 12.2396, 0.00010195, 1.56017, 0.0460093, 24.9438, 1.57932, 31.5163
55, 1, 744.739, 0.0127424, 19.6179, 1.71892, 12.3726, 3.22158e-05, 0.918791, 0.0217454, 9.9355, 0.483963, 18.7831
55, 2, 745.62, 0.00755902, 5.96829, 0.693991, 12.6411, 4.05687e-05, 0.680566, 0.0135546, 14.4932, 0.575958, 14.0861
55, 3, 746.249, 0.00590453, -5.69747, 0.100449, 14.5229, 0.000171763, 0.488964, 0.00748231, 82.6899, 2.6989, 8.57963
55, 4, 745.35, 0.0084661, 8.13635, 0.125192, 12.4644, 0.000275614, 0.48901, 0.0102625, 97.6623, 4.41428, 7.99643
55, 5, 741.92, 0.00835045, -5.02888, 0.275334, 15.3752, 0.000111475, 0.464244, 0.00909363, 44.9925, 1.90078, 7.86414
55, 6, 746.467, 0.00628492, 0.0993972, 0.112103, 12.8835, 0.000334729, 0.287453, 0.00869078, 80.4079, 5.13401, 7.20281
52, 0, 738.72, 0.0105354, 0.71275, 1.71329, 15.869, 4.12627e-05, 0.512999, 0.0179883, 8.37922, 0.595923, 9.2083
52, 1, 745.594, 0.00714077, -0.988584, 0.421665, 13.1341, 0.00012278, 0.369533, 0.0153672, 21.1123, 1.65165, 8.59936
52, 2, 745.175, 0.00382605, 6.28646, 0.263376, 12.89, 4.47482e-05, 0.477832, 0.00869252, 17.5105, 0.593793, 8.46942
52, 3, 745.922, 0.0143539, 4.15299, 5.61792, 13.3646, 2.77183e-05, 0.434164, 0.0635621, 2, 0.538436, 7.25812
52, 4, 744.978, 0.00503722, -2.68178, 0.218407, 14.1261, 0.00013493, 0.321689, 0.010902, 28.6868, 1.82243, 7.22403
70, 0, 750.818, 0.0211683, -7.14581, 5.43018, 10.42, 2.6225e-05, 1.02974, 0.037422, 5.06832, 0.386218, 19.6339
70, 1, 749.676, 0.0356229, 3.0026, 3.81982, 13.6539, 0.000257143, 0.594483, 0.159619, 7.09815, 2.98313, 17.4884
84, 0, 751.5, 0.564831, 65.5467, 264.81, 10.7776, 0.000117398, 2.98828, 0.995117, 2.71217, 1.99784, 53.7195
84, 1, 752.33, 0.0154732, 1.59023, 3.95062, 15.8881, 2.89111e-05, 0.661909, 0.0254133, 5.38251, 0.421922, 12.2622
84, 2, 748.796, 0.0181189, 5.53069, 0.85285, 12.5604, 0.000186912, 0.439091, 0.0200685, 31.8827, 3.18481, 9.52602
83, 0, 749.17, 0.0311352, 16.2167, 7.08222, 11.9107, 4.6943e-05, 0.874197, 0.0482176, 6.1718, 0.687888, 14.472
83, 1, 749.157, 0.0124675, -9.75411, 3.05347, 11.9307, 1.91488e-05, 0.749664, 0.0179924, 5.75269, 0.289342, 12.1943
83, 2, 749.95, 0.00981193, 3.61319, 1.24568, 11.3286, 3.60756e-05, 0.588705, 0.0138131, 11.2365, 0.549016, 9.57513
83, 3, 751.277, 0.00880017, 0.817898, 0.140458, 14.8521, 0.000558112, 0.238797, 0.0108368, 91.7175, 9.0199, 7.10363
77, 0, 749.154, 0.0117113, 5.15171, 0.368454, 13.6868, 0.00017049, 0.531214, 0.0145711, 46.8866, 2.76743, 12.1981
77, 1, 748.289, 0.030045, 6.59611, 2.60766, 13.3305, 0.000225857, 0.412038, 0.249377, 2, 1.75843, 10.804
77, 2, 748.027, 0.0203172, -7.94064, 0.437346, 11.6055, 0.000251825, 0.486585, 0.018059, 71.3924, 4.929, 7.78234
77, 3, 748.254, 0.0139102, 4.48209, 1.24649, 13.2979, 0.000194848, 0.252544, 0.0235677, 14.9024, 2.82154, 7.76715
48, 0, 738.667, 0.0225543, -0.80676, 0.290465, 15.5267, 0.000640399, 0.38645, 0.0208203, 119.353, 12.4496, 8.91988
48, 1, 745.56, 0.0408474, 0.933371, 0.273473, 12.8843, 0.0010333, 0.385115, 0.0379982, 219.455, 26.5464, 7.36507
48, 2, 738.757, 0.00910071, 3.17326, 0.0871862, 18.481, 0.000366697, 0.465673, 0.00912303, 162.656, 6.63895, 7.3526
48, 3, 739.059, 0.0112655, -3.57001, 0.161762, 15.3209, 0.000506229, 0.392206, 0.0144272, 101.754, 8.03238, 7.15825
41, 0, 740.771, 0.00882598, -0.0935138, 1.06934, 13.3039, 3.74949e-05, 0.651998, 0.0144454, 11.1883, 0.511366, 12.9897
41, 1, 738.539, 0.0115243, 11.1193, 0.871283, 11.6511, 9.80019e-05, 0.544312, 0.0207356, 17.4172, 1.33805, 11.9976
41, 2, 739.156, 0.0174869, -7.6879, 0.611258, 14.1436, 0.000337801, 0.48928, 0.0314801, 37.7349, 4.83874, 9.75705
41, 3, 733.796, 0.0112976, 4.62531, 1.07469, 15.9784, 0.000135777, 0.324471, 0.0249697, 12.7738, 1.88526, 8.03849
41, 4, 740.763, 0.01221, -2.23991, 0.648362, 13.3274, 0.000144745, 0.39799, 0.0156617, 27.5177, 2.3133, 7.57309
41, 5, 739.7, 0.0136518, 5.39182, 0.293366, 12.2339, 0.000287574, 0.346825, 0.01289, 69.8497, 5.19218, 7.27255
46, 0, 747.41, 0.0153077, -0.437607, 0.482603, 13.1785, 0.000284643, 0.604119, 0.0291108, 41.0418, 3.88834, 13.2518
46, 1, 743.003, 0.0188983, -2.95382, 0.170704, 14.8121, 0.000574112, 0.556657, 0.0182256, 185.866, 11.0602, 8.86087
46, 2, 747.351, 0.0112417, 42.3967, 5.19224, 13.2073, 1.64865e-05, 0.647835, 0.0319474, 2.39047, 0.21313, 8.45425
46, 3, 739.021, 0.0211763, -15.729, 2.45845, 16.2435, 0.000215459, 0.333582, 0.0511065, 10.0035, 2.82114, 8.4467
46, 4, 745.273, 0.00746782, 6.40503, 1.28029, 12.1617, 4.77051e-05, 0.433228, 0.0314918, 4.70512, 0.556518, 7.56115
79, 0, 748.171, 0.00807787, -9.87825, 1.0848, 10.9165, 3.24897e-05, 0.610542, 0.0140112, 10.0608, 0.467177, 14.2927
79, 1, 750.499, 0.00715791, 2.26434, 0.117811, 13.7891, 0.000320752, 0.363553, 0.00967002, 87.9592, 4.97016, 10.8125
79, 2, 748.337, 0.010163, 1.10188, 0.0133469, 12.8566, 4.7302e-05, 0.697316, 0.0215391, 10.7705, 0.66619, 9.93276
79, 3, 747.525, 0.0265721, -4.05788, 2.02213, 11.7686, 0.000173967, 0.376947, 0.0271605, 20.077, 2.977, 8.74133
15, 0, 723.137, 0.0504751, 6.85471, 5.91143, 16.3707, 0.000114122, 0.984904, 0.0684354, 12.2542, 1.83782, 16.0028
15, 1, 723.221, 0.043262, -3.36344, 1.09936, 16.314, 0.000772969, 0.415701, 0.0446681, 60.6367, 13.8169, 7.19132
47, 0, 738.563, 0.0522515, 27.9826, 17.1724, 15.7173, 6.07608e-05, 1.13926, 0.184004, 2.8504, 0.797489, 17.8451
47, 1, 738.487, 0.0160417, 3.0248, 0.279251, 15.8798, 0.000186872, 0.74621, 0.0151251, 89.5566, 3.58905, 15.5785
47, 2, 744.553, 0.00722562, -7.68809, 0.545248, 14.1712, 6.00996e-05, 0.457718, 0.0107284, 18.7992, 0.924847, 10.0471
47, 3, 745.752, 0.0137794, 1.45334, 0.194383, 12.8197, 0.000449925, 0.473547, 0.0154874, 106.327, 7.55266, 10.0292
47, 4, 745.552, 0.0236084, -30.884, 2.31166, 12.8101, 0.000119409, 0.388373, 0.0245802, 15.5413, 2.07868, 9.80188
47, 5, 744.873, 0.0133224, 13.8823, 1.75782, 19.3469, 7.81126e-05, 0.505048, 0.03073, 9.12177, 1.03843, 9.69555
47, 6, 742.223, 0.0119367, 3.14474, 0.19729, 11.2173, 0.000296015, 0.363668, 0.0110489, 92.4425, 5.55297, 9.33286
47, 7, 738.025, 0.0113059, -4.10027, 0.477196, 16.0525, 0.000256304, 0.344189, 0.0200556, 31.8055, 3.6545, 8.45573
47, 8, 745.532, 0.00647752, 2.45698, 0.405157, 12.6544, 0.000144711, 0.271034, 0.0142044, 19.6879, 1.93477, 7.51007
47, 9, 745.075, 0.00834162, 2.27217, 0.500598, 12.4474, 0.000166412, 0.242757, 0.0125779, 23.4154, 2.528, 7.27566
78, 0, 747.41, 0.0931293, -7.03846, 10.1078, 12.0035, 0.000110958, 1.88952, 0.115853, 13.5289, 1.76946, 45.0801
78, 1, 747.796, 0.0114255, 3.00675, 0.816982, 12.5989, 6.18878e-05, 0.556009, 0.0127376, 20.9994, 1.03819, 9.7716
78, 2, 751.177, 0.00693141, 1.34056, 0.0802952, 14.8294, 0.000366041, 0.410087, 0.0087824, 126.305, 5.83224, 8.31572
78, 3, 750.067, 0.00912652, -2.00849, 0.765606, 10.7192, 7.51813e-05, 0.410513, 0.0131708, 17.0257, 1.13786, 7.36699
76, 0, 748.84, 0.00826401, -3.68819, 1.45123, 10.4208, 1.78983e-05, 0.741544, 0.0118826, 8.06991, 0.270876, 14.4604
76, 1, 749.063, 0.0126263, 1.79918, 0.517456, 14.2839, 0.000186976, 0.361483, 0.0143266, 36.6803, 3.13333, 8.69665
76, 2, 748.881, 0.0117276, 5.50538, 0.790428, 14.2047, 0.000225585, 0.299691, 0.0279641, 17.5257, 3.05325, 8.22046
76, 3, 745.491, 0.00569911, 2.24629, 0.143625, 11.8897, 0.000196162, 0.414155, 0.011393, 50.3771, 2.68436, 7.92148
76, 4, 747.02, 0.0289718, 5.46736, 18.2524, 10.7817, 3.49032e-05, 0.634844, 0.0609874, 2, 0.332294, 7.05491
82, 0, 748.95, 0.668255, 37.0916, 130.756, 12.0778, 0.000159522, 5.73019, 0.936916, 7.20716, 2.4283, 131.832
82, 1, 753.782, 0.0166394, 11.7965, 5.35253, 10.6237, 3.14829e-05, 0.715905, 0.0565603, 2.95458, 0.403493, 13.1926
82, 2, 753.373, 0.00791777, 4.49483, 1.06854, 14.7231, 6.26167e-05, 0.333155, 0.0153787, 9.62392, 0.871898, 8.5999
49, 0, 744.862, 0.00878016, 10.926, 1.71068, 12.5098, 1.90876e-05, 0.848634, 0.0175369, 6.55239, 0.263532, 15.5483
49, 1, 739.025, 0.0104699, 1.91249, 0.1353, 17.0127, 0.000241383, 0.730289, 0.0117604, 115.584, 4.05097, 11.2138
49, 2, 739.648, 0.0062108, -3.29224, 0.354424, 15.5548, 9.02546e-05, 0.457743, 0.0137231, 21.5713, 1.20617, 9.79209
49, 3, 746.427, 0.0100003, -2.25008, 0.341661, 13.31, 0.000190116, 0.373482, 0.012589, 42.4045, 3.05676, 8.5409
49, 4, 738.524, 0.0670586, -25.2609, 20.0063, 17.0039, 0.000169147, 0.128667, 0.0601546, 4.95851, 3.76578, 8.3206
49, 5, 738.49, 0.0177044, 1.50413, 9.10416, 17.0254, 0.000121936, 0.105637, 0.0553899, 2, 1.96327, 7.95936
49, 6, 740.209, 0.0288608, -0.407524, 1.42307, 15.4386, 0.000294069, 0.360584, 0.0290572, 30.8761, 5.31331, 7.47533
85, 0, 753.478, 0.101318, 49.8445, 38.5404, 15.5834, 4.21543e-05, 2.29611, 0.199454, 3.41202, 0.570201, 43.1099
85, 1, 750.69, 0.0328978, -0.40718, 1.72112, 11.7397, 8.9311e-05, 1.61588, 0.0389044, 28.4457, 1.47292, 40.6762
85, 2, 752.078, 0.0102641, 11.4475, 1.5107, 13.9305, 4.11248e-05, 0.580076, 0.0187995, 9.01362, 0.582059, 14.1863
85, 3, 753.31, 0.0115876, -1.79542, 0.981854, 15.395, 9.84821e-05, 0.440499, 0.0193571, 16.1574, 1.42425, 11.9152
85, 4, 750.754, 0.0068343, 9.18478, 0.374943, 11.8839, 0.000112614, 0.462945, 0.019936, 19.0398, 1.44822, 11.8024
85, 5, 750.913, 0.0048757, 0.0430879, 0.141933, 11.3939, 0.000234421, 0.32012, 0.0165457, 32.8135, 2.88529, 8.44773
85, 6, 751.623, 0.0105498, -1.17989, 0.19048, 13.7222, 0.000256453, 0.415608, 0.0106167, 84.201, 4.55948, 7.67888
71, 0, 744.443, 0.0139277, 3.88765, 0.403234, 11.9195, 0.000219348, 0.598773, 0.0190807, 49.7158, 3.36659, 16.2504
71, 1, 747.726, 0.0167876, 6.80882, 4.44951, 14.5197, 2.88677e-05, 0.868865, 0.041632, 4.38633, 0.369146, 16.08
71, 2, 746.261, 0.0149285, 23.3754, 2.23402, 12.9647, 4.90451e-05, 0.70821, 0.0282183, 8.74012, 0.687636, 15.3868
71, 3, 744.388, 0.0117489, 1.42234, 0.790217, 11.6334, 0.000108898, 0.540553, 0.0209262, 19.7646, 1.55652, 12.2874
71, 4, 747.204, 0.00652884, -0.756369, 0.0882155, 15.2246, 0.000277527, 0.392417, 0.00755473, 109.84, 4.57741, 7.64996
71, 5, 745.098, 0.00609336, 1.50347, 0.0831569, 12.4458, 0.000316428, 0.286955, 0.00653141, 110.1, 5.43207, 7.30557
